<?xml version="1.0" encoding="UTF-8" ?>
<schema name="example" version="2.2">
  <types>
    <fieldType name="string" class="solr.StrField"
      sortMissingLast="true" omitNorms="true" />
    <fieldType name="boolean" class="solr.BoolField"
      sortMissingLast="true" omitNorms="true" />
    <fieldtype name="binary" class="solr.BinaryField" />
    <fieldType name="int" class="solr.TrieIntField"
      precisionStep="0" omitNorms="true" positionIncrementGap="0" />
    <fieldType name="float" class="solr.TrieFloatField"
      precisionStep="0" omitNorms="true" positionIncrementGap="0" />
    <fieldType name="long" class="solr.TrieLongField"
      precisionStep="0" omitNorms="true" positionIncrementGap="0" />
    <fieldType name="double" class="solr.TrieDoubleField"
      precisionStep="0" omitNorms="true" positionIncrementGap="0" />
    <fieldType name="tint" class="solr.TrieIntField"
      precisionStep="8" omitNorms="true" positionIncrementGap="0" />
    <fieldType name="tfloat" class="solr.TrieFloatField"
      precisionStep="8" omitNorms="true" positionIncrementGap="0" />
    <fieldType name="tlong" class="solr.TrieLongField"
      precisionStep="8" omitNorms="true" positionIncrementGap="0" />
    <fieldType name="tdouble" class="solr.TrieDoubleField"
      precisionStep="8" omitNorms="true" positionIncrementGap="0" />
    <fieldType name="date" class="solr.TrieDateField"
      omitNorms="true" precisionStep="0" positionIncrementGap="0" />
    <fieldType name="tdate" class="solr.TrieDateField"
      omitNorms="true" precisionStep="6" positionIncrementGap="0" />
    <fieldType name="pint" class="solr.IntField" omitNorms="true" />
    <fieldType name="plong" class="solr.LongField" omitNorms="true" />
    <fieldType name="pfloat" class="solr.FloatField"
      omitNorms="true" />
    <fieldType name="pdouble" class="solr.DoubleField"
      omitNorms="true" />
    <fieldType name="pdate" class="solr.DateField"
      sortMissingLast="true" omitNorms="true" />
    <fieldType name="sint" class="solr.SortableIntField"
      sortMissingLast="true" omitNorms="true" />
    <fieldType name="slong" class="solr.SortableLongField"
      sortMissingLast="true" omitNorms="true" />
    <fieldType name="sfloat" class="solr.SortableFloatField"
      sortMissingLast="true" omitNorms="true" />
    <fieldType name="sdouble" class="solr.SortableDoubleField"
      sortMissingLast="true" omitNorms="true" />
    <fieldType name="random" class="solr.RandomSortField"
      indexed="true" />

    <fieldType name="text_ws" class="solr.TextField"
      positionIncrementGap="100">
      <analyzer>
        <tokenizer class="solr.WhitespaceTokenizerFactory" />
      </analyzer>
    </fieldType>

    <fieldType name="text" class="solr.TextField"
      positionIncrementGap="100">
      <analyzer type="index">
        <tokenizer class="solr.WhitespaceTokenizerFactory" />
        <!--
          in this example, we will only use synonyms at query time
          <filter class="solr.SynonymFilterFactory"
          synonyms="index_synonyms.txt" ignoreCase="true"
          expand="false"/>
        -->
        <!--
          Case insensitive stop word removal. add
          enablePositionIncrements=true in both the index and query
          analyzers to leave a 'gap' for more accurate phrase queries.
        -->
        <filter class="solr.StopFilterFactory" ignoreCase="true"
          words="stopwords.txt" enablePositionIncrements="true" />
        <filter class="solr.WordDelimiterFilterFactory"
          generateWordParts="1" generateNumberParts="1" catenateWords="1"
          catenateNumbers="1" catenateAll="0" splitOnCaseChange="1" />
        <filter class="solr.LowerCaseFilterFactory" />
        <filter class="solr.SnowballPorterFilterFactory"
          language="English" protected="protwords.txt" />
      </analyzer>
      <analyzer type="query">
        <tokenizer class="solr.WhitespaceTokenizerFactory" />
        <filter class="solr.SynonymFilterFactory" synonyms="synonyms.txt"
          ignoreCase="true" expand="true" />
        <filter class="solr.StopFilterFactory" ignoreCase="true"
          words="stopwords.txt" enablePositionIncrements="true" />
        <filter class="solr.WordDelimiterFilterFactory"
          generateWordParts="1" generateNumberParts="1" catenateWords="0"
          catenateNumbers="0" catenateAll="0" splitOnCaseChange="1" />
        <filter class="solr.LowerCaseFilterFactory" />
        <filter class="solr.SnowballPorterFilterFactory"
          language="English" protected="protwords.txt" />
      </analyzer>
    </fieldType>

    <fieldType name="textTight" class="solr.TextField"
      positionIncrementGap="100">
      <analyzer>
        <tokenizer class="solr.WhitespaceTokenizerFactory" />
        <filter class="solr.SynonymFilterFactory" synonyms="synonyms.txt"
          ignoreCase="true" expand="false" />
        <filter class="solr.StopFilterFactory" ignoreCase="true"
          words="stopwords.txt" />
        <filter class="solr.WordDelimiterFilterFactory"
          generateWordParts="0" generateNumberParts="0" catenateWords="1"
          catenateNumbers="1" catenateAll="0" />
        <filter class="solr.LowerCaseFilterFactory" />
        <filter class="solr.SnowballPorterFilterFactory"
          language="English" protected="protwords.txt" />
        <!--
          this filter can remove any duplicate tokens that appear at the
          same position - sometimes possible with WordDelimiterFilter in
          conjuncton with stemming.
        -->
        <filter class="solr.RemoveDuplicatesTokenFilterFactory" />
      </analyzer>
    </fieldType>


    <fieldType name="textgen" class="solr.TextField"
      positionIncrementGap="100">
      <analyzer type="index">
        <tokenizer class="solr.WhitespaceTokenizerFactory" />
        <filter class="solr.StopFilterFactory" ignoreCase="true"
          words="stopwords.txt" enablePositionIncrements="true" />
        <filter class="solr.WordDelimiterFilterFactory"
          generateWordParts="1" generateNumberParts="1" catenateWords="1"
          catenateNumbers="1" catenateAll="0" splitOnCaseChange="0" />
        <filter class="solr.LowerCaseFilterFactory" />
      </analyzer>
      <analyzer type="query">
        <tokenizer class="solr.WhitespaceTokenizerFactory" />
        <filter class="solr.SynonymFilterFactory" synonyms="synonyms.txt"
          ignoreCase="true" expand="true" />
        <filter class="solr.StopFilterFactory" ignoreCase="true"
          words="stopwords.txt" enablePositionIncrements="true" />
        <filter class="solr.WordDelimiterFilterFactory"
          generateWordParts="1" generateNumberParts="1" catenateWords="0"
          catenateNumbers="0" catenateAll="0" splitOnCaseChange="0" />
        <filter class="solr.LowerCaseFilterFactory" />
      </analyzer>
    </fieldType>


    <fieldType name="text_rev" class="solr.TextField"
      positionIncrementGap="100">
      <analyzer type="index">
        <tokenizer class="solr.WhitespaceTokenizerFactory" />
        <filter class="solr.StopFilterFactory" ignoreCase="true"
          words="stopwords.txt" enablePositionIncrements="true" />
        <filter class="solr.WordDelimiterFilterFactory"
          generateWordParts="1" generateNumberParts="1" catenateWords="1"
          catenateNumbers="1" catenateAll="0" splitOnCaseChange="0" />
        <filter class="solr.LowerCaseFilterFactory" />
        <filter class="solr.ReversedWildcardFilterFactory"
          withOriginal="true" maxPosAsterisk="3" maxPosQuestion="2"
          maxFractionAsterisk="0.33" />
      </analyzer>
      <analyzer type="query">
        <tokenizer class="solr.WhitespaceTokenizerFactory" />
        <filter class="solr.SynonymFilterFactory" synonyms="synonyms.txt"
          ignoreCase="true" expand="true" />
        <filter class="solr.StopFilterFactory" ignoreCase="true"
          words="stopwords.txt" enablePositionIncrements="true" />
        <filter class="solr.WordDelimiterFilterFactory"
          generateWordParts="1" generateNumberParts="1" catenateWords="0"
          catenateNumbers="0" catenateAll="0" splitOnCaseChange="0" />
        <filter class="solr.LowerCaseFilterFactory" />
      </analyzer>
    </fieldType>

    <fieldType name="textCharNorm" class="solr.TextField"
      positionIncrementGap="100">
      <analyzer>
        <charFilter class="solr.MappingCharFilterFactory"
          mapping="mapping-ISOLatin1Accent.txt" />
        <tokenizer class="solr.WhitespaceTokenizerFactory" />
      </analyzer>
    </fieldType>


    <fieldType name="alphaOnlySort" class="solr.TextField"
      sortMissingLast="true" omitNorms="true">
      <analyzer>
        <tokenizer class="solr.KeywordTokenizerFactory" />
        <filter class="solr.LowerCaseFilterFactory" />
        <filter class="solr.TrimFilterFactory" />
        <filter class="solr.PatternReplaceFilterFactory" pattern="([^a-z])"
          replacement="" replace="all" />
      </analyzer>
    </fieldType>

    <fieldtype name="phonetic" stored="false" indexed="true"
      class="solr.TextField">
      <analyzer>
        <tokenizer class="solr.StandardTokenizerFactory" />
        <filter class="solr.DoubleMetaphoneFilterFactory" inject="false" />
      </analyzer>
    </fieldtype>

    <fieldtype name="payloads" stored="false" indexed="true"
      class="solr.TextField">
      <analyzer>
        <tokenizer class="solr.WhitespaceTokenizerFactory" />
        <filter class="solr.DelimitedPayloadTokenFilterFactory"
          encoder="float" />
      </analyzer>
    </fieldtype>

    <fieldType name="lowercase" class="solr.TextField"
      positionIncrementGap="100">
      <analyzer>
        <tokenizer class="solr.KeywordTokenizerFactory" />
        <filter class="solr.LowerCaseFilterFactory" />
      </analyzer>
    </fieldType>


    <fieldtype name="ignored" stored="false" indexed="false"
      multiValued="true" class="solr.StrField" />

  </types>


  <fields>
    <field name="id" type="int" indexed="true" stored="true" />
    <field name="type" type="string" indexed="true" stored="true" />
    <field name="key" type="string" indexed="true" stored="true" />
    <field name="created" type="date" indexed="true" stored="true" />
    <field name="modified" type="date" indexed="true" stored="true" />
    <field name="name" type="text" indexed="true" stored="true" />
    <field name="year_began" type="int" indexed="true" stored="true" />
    <field name="year_ended" type="int" indexed="true" stored="true" />
    <field name="external_url" type="string" indexed="false"
      stored="true" />
    <field name="internal_url" type="string" indexed="false"
      stored="true" />
    <field name="notes" type="text" indexed="false" stored="true" />
    <field name="country_code" type="string" indexed="true"
      stored="true" />
    <field name="country_name" type="string" indexed="true"
      stored="true" />

    <field name="publisher_name" type="text" indexed="true"
      stored="true" />
    <field name="publisher_key" type="string" indexed="false"
      stored="true" />

    <field name="brand_name" type="text" indexed="true" stored="true" />
    <field name="brand_key" type="string" indexed="false" stored="true" />

    <field name="story_name" type="text" indexed="true" stored="true" />
    <field name="story_type" type="string" indexed="true" stored="true" />
    <field name="story_key" type="string" indexed="false" stored="true" />

    <field name="series_name" type="text" indexed="true" stored="true" />
    <field name="series_key" type="string" indexed="false" stored="true" />

    <field name="format" type="string" indexed="false" stored="true" />
    <field name="issue_number" type="string" indexed="true"
      stored="true" />
    <field name="first_issue_number" type="string" indexed="true"
      stored="true" />
    <field name="first_issue_key" type="string" indexed="true"
      stored="true" />
    <field name="last_issue_number" type="string" indexed="true"
      stored="true" />
    <field name="last_issue_key" type="string" indexed="true"
      stored="true" />
    <field name="volume_number" type="string" indexed="true"
      stored="true" />
    <field name="publication_date" type="string" indexed="false"
      stored="true" />
    <field name="price" type="string" indexed="false" stored="true" />
    <field name="sequence_number" type="int" indexed="true"
      stored="true" />
    <field name="page_count" type="float" indexed="true" stored="true" />
    <field name="reprint_notes" type="text" indexed="true" stored="true" />
    <field name="tracking_notes" type="text" indexed="true"
      stored="true" />
    <field name="publication_notes" type="text" indexed="true"
      stored="true" />
    <field name="language_name" type="string" indexed="true"
      stored="true" />
    <field name="language_code" type="string" indexed="true"
      stored="true" />

    <field name="genre" multiValued="true" type="string" indexed="true"
      stored="true" />
    <field name="feature" multiValued="true" type="text" indexed="true"
      stored="true" />
    <field name="script" multiValued="true" type="text" indexed="true"
      stored="true" />
    <field name="pencils" multiValued="true" type="text" indexed="true"
      stored="true" />
    <field name="inks" multiValued="true" type="text" indexed="true"
      stored="true" />
    <field name="colors" multiValued="true" type="text" indexed="true"
      stored="true" />
    <field name="letters" multiValued="true" type="text" indexed="true"
      stored="true" />
    <field name="editing" multiValued="true" type="text" indexed="true"
      stored="true" />
    <field name="characters" multiValued="true" type="text"
      indexed="true" stored="true" />
    <field name="synopsis" multiValued="true" type="text" indexed="true"
      stored="true" />


  </fields>

  <uniqueKey>key</uniqueKey>

  <defaultSearchField>name</defaultSearchField>

  <solrQueryParser defaultOperator="OR" />


</schema>
